title,text,scraped_at
"'This game could never be made by AI… it's too human,' says Baldur's Gate 3 actor Neil Newbon after wrapping a playthrough on stream","""Baldur's Gate 3, the game that just keeps on fucking giving.""",2026-01-21T00:55:41.705733
Director Gore Verbinski says Unreal Engine is 'the greatest slip backwards' for movie CGI,Do visual effects look worse than they used to? The director of Pirates of the Caribbean says Unreal is the culprit.,2026-01-21T00:55:41.705733
"'I have no regrets saving Hytale,' says co-founder who purchased the game from Riot and released it just two months later: 'It's been the most challenging but rewarding experience of my life'",Sometimes things just work out,2026-01-21T00:55:41.705733
"Mewgenics will have 280 Steam achievements at launch, in case you were wondering how huge the Binding of Isaac successor is going to be",Warning: new time suck incoming.,2026-01-21T00:55:41.705733
It's been 14 years since I played a 2D/3D hybrid puzzle game as clever as Cassette Boy,Zelda meets Fez in this little puzzle game where you can rotate the entire world.,2026-01-21T00:55:41.705733
Russian politician calls for Call of Duty ban and home-grown alternative because 'you're almost always shooting at Russian soldiers' in the Modern Warfare games,The Russian government says it will support developers working on CoD-style projects with tax breaks and other incentives.,2026-01-21T00:55:41.705733
"Google's AI overview search results are so dumb, it took author Chuck Wendig just weeks to convince it he has a cat named 'Sir Mewlington Von Pissbreath' that can speak 'limited Cantonese'",Chuck Wendig does not have a cat.,2026-01-21T00:55:41.705733
Dune: Awakening finally gets long-awaited character transfers,Ready to pack your bags? And base? And bike?,2026-01-21T00:55:41.705733
"'What the f***': Modding arch-sorcerer casually invents Minecraft x Hytale crossplay, defies laws of god and man alike",Is that allowed?,2026-01-21T00:55:41.705733
"Life is Strange: Reunion, coming in March, promises an 'emotional conclusion' to the saga of Max and Chloe","This is the end, my friend. (Unless they decide to make more sequels, I suppose.)",2026-01-21T00:55:41.705733
Marathon's system requirements look to continue one of 2025's best PC trends: great performance and low min specs,Might Bungie actually turn this ship around?,2026-01-21T00:55:41.705733
How to build a teleporter in Hytale,Craft a portal to fast-travel across Orbis.,2026-01-21T00:55:41.705733
How to get azure kelp in Hytale,I'm not quite sure why azure kelp is required for a teleporter.,2026-01-21T00:55:41.705733
Asus' new 4K dual-mode gaming monitors include even faster 1080p modes all the way up to 480 Hz,The best of both worlds?,2026-01-21T00:55:41.705733
"As if LinkedIn messages couldn't get any worse, hackers are using them to install malware on people's PCs",The good news is that not clicking on unknown links avoids it entirely.,2026-01-21T00:55:41.705733
"The WoW UI updates have come for Peggle, but its author is looking into it—as unexpected casualties of Blizzard's war on combat mods abound","Oh, the humanity!",2026-01-21T00:55:41.705733
"Fallout mega-mod maker hopes Bethesda upgrades or ditches its venerable Creation Engine soon: 'Start adding things like drivable cars, maybe even metro systems like what we built'",Team FOLON ran into some issues fitting the Big Smoke into Bethesda's engine.,2026-01-21T00:55:41.705733
"Nvidia allegedly greenlit the use of pirated books from illegal sources to train its AI models, according to an expanded class-action lawsuit","The lawsuit from 2024 is back, this time with bigger allegations.",2026-01-21T00:55:41.705733
"New Arc Raiders update takes aim at the Stella Montis boundary exploit, but may not have fixed it entirely",There's some careful phrasing here.,2026-01-21T00:55:41.705733
"Here comes an AMD Ryzen AI 400-powered handheld PC that's super cute, OLED and has an 80 Wh battery","On paper, the Flip has almost everything, except a price point.",2026-01-21T00:55:41.705733
The first of smash hit roguelike Ball X Pit's three major free updates adds a falconer who fires balls out of her two pet birds,"Two new characters, eight new balls, new passives, and a ""surprise we don't want to spoil just yet"".",2026-01-21T00:55:41.705733
"Tech creator makes console gaming Megazord, squeezing a PS5, Xbox Series S, and Nintendo Switch 2 inside a homemade cooling array",Taking 'do it yourself' to a molten extreme.,2026-01-21T00:55:41.705733
"Lara Croft's design could've gone full FF7/Street Fighter in Japan to appeal to audiences in the mid-'90s, says co-creator, but 'All that was changed was the manuals & guide'","Looking at these renders, I'm pretty certain they made the right choice.",2026-01-21T00:55:41.705733
Hytale is adding the ability to toggle armour so you don't have to hide your fancy clothes: 'Community asks? Community receives',No more fashion crimes.,2026-01-21T00:55:41.705733
Hitman's getting cross-progression as IOI limbers up for that co-op mode it announced last year,"But you won't be able to import your Hitman 2 progress anymore. So, sorry to the one guy who hasn't done that yet.",2026-01-21T00:55:41.705733
"Doom, Windows 95, even Hytale itself: It seems like there's nothing that modders can't make Hytale run",But can it run Crysis?,2026-01-21T00:55:41.705733
Meta knowingly earns ad money from 'criminals and scammers' claims UK gambling watchdog,Meta's searchable ad library for Facebook and Instagram is a 'window into criminality'.,2026-01-21T00:55:41.705733
Razer CEO admits users could fall in love with its holographic AI assistant project but 'that’s definitely not something we plan to build the product toward',"""At some point in time, we’re going to see so much slop out there that we’re going to crave for really great art.""",2026-01-21T00:55:41.705733
"The shift key trick to quickly restart Windows 95 wasn't a placebo, it was a neat little system to avoid a full PC reboot",One of Microsoft's veteran software engineers explains the full 'secret sauce'.,2026-01-21T00:55:41.705733
How to get voidhearts in Hytale,Cross your fingers.,2026-01-21T00:55:41.705733
"Steam now lets you gift 'complete the set' bundles to your pals, including relevant discounts",Now I just need to make some friends.,2026-01-21T00:55:41.705733
"'People use Google because they want to, not because they’re forced to': As Google appeals antitrust ruling, it also asks to delay data sharing with rivals",Delay tactics.,2026-01-21T00:55:41.705733
"Zalman heard you like screens, so it put a screen on a GPU support bracket to go with your umpteen other PC case screens",The only thing that's really surprising is the $12 price.,2026-01-21T00:55:41.705733
"Blizzard devs talk about going back to WoW's beloved expansion continent, Northrend, and rebuilding it for The Last Titan: 'We wanna make sure we're doing justice to those memories'","Put your snow boots on, we're going back to Northrend.",2026-01-21T00:55:41.705733
Larian's nine-year-old RPG has just had its best month since launch: 'Sales for both BG3 and D:OS 2 have been incredible' thanks to Divinity,Now that's a baseline.,2026-01-21T00:55:41.705733
"Intel signals the end for its 12th Gen Core processors, though the architecture lives on under the guise of its 13th and 14th Gen","It's not the end, but it is an end.",2026-01-21T00:55:41.705733
"Marathon's full voice cast includes talent from Deus Ex, Baldur's Gate 3, Clair Obscur: Expedition 33, Red Dead Redemption and loads more",It's an all-Starr cast.,2026-01-21T00:55:41.705733
Cyberpunk 2077 VR mod disappears after mod maker decides he'd rather take it down than make it free,"Luke Ross accused CD Projekt of '""iron-clad corpo logic,"" but some VR aficionados aren't entirely sympathetic.",2026-01-21T00:55:41.705733
"Devs recall 'sweating bullets' at showing The Beatles Rock Band to the actual Beatles, and 'tough customer' Yoko Ono making sure they made John Lennon a 'balls out rock and roll god not giving a f**k'","""That looks stupid. He doesn't act like that.""",2026-01-21T00:55:41.705733
"The first trailer for The Mortuary Assistant movie is here to remind us that sometimes, work really sucks","Having a bad day at the office? Hey, at least you're not being attacked by gross demonic entities from hell.",2026-01-21T00:55:41.705733
"After a surprise last-minute delay, Helldivers 2's Redacted Regiment warbond is set to launch later this week",The new release date isn't too far off the original plan.,2026-01-21T00:55:41.705733
"RuneScape details its plans to scrap its 'Treasure Hunter' microtransactions, rework combat, and dole out other 'integrity-focused releases' for its 25th anniversary","The roadmap released today promises it ""changes RuneScape forever.""",2026-01-21T00:55:41.705733
League of Legends MMO shows signs of life as Riot adds a former World of Warcraft lead producer to its roster,"It's been five years since the League MMO was first revealed, and two years since Riot ""reset"" the project.",2026-01-21T00:55:41.705733
"The DockFrame is a USB-C hub compatible with Framework's modular, hot swappable kit so you always have just what you need",Live and no longer unplugged.,2026-01-21T00:55:41.705733
XGIMI MoGo 4 Laser projector review,"A media constellation in a practical, portable package.",2026-01-21T00:55:41.705733
"Big Hops is a charming platformer with some great movement and a classic vibe, but most importantly it lets you rotate several bugs for science",A Hop in Time.,2026-01-21T00:55:41.705733
Pimax Crystal Super review,Heavy is the head that wears the incredibly immersive crown.,2026-01-21T00:55:41.705733
5-star alert at Rockstar North's Edinburgh HQ as emergency services respond to 'structural damage' caused by an exploding boiler,There were no casualties.,2026-01-21T00:55:41.705733
Battle Suit Aces review,A big-hearted battle to save the universe.,2026-01-21T00:55:41.705733
"Because of AI 'memory's become sexy again'. That's what Micron told us as the alarm bells for the RAMpocalypse began ringing in 2024, but we just didn't listen",We're all paying for sexy memory now.,2026-01-21T00:55:41.705733
"Life is Strange: Reunion will be the ""thrilling finale to the Max and Chloe saga"", even though... you know...","<img src=""https://assetsio.gnwcdn.com/Max-Caulfield-in-Life-is-Strange-Reunion.jfif?width=690&quality=85&format=jpg&auto=webp"" /> <p>The next entry in the <a href=""https://www.eurogamer.net/games/life-is-strange"">Life is Strange</a> series has been announced, and it stars fan favourites Max Caulfield and Chloe Price as co-leads.</p> <p><a href=""https://www.eurogamer.net/life-is-strange-reunion-will-be-the-thrilling-finale-to-the-max-and-chloe-saga-coming-march"">Read more</a></p>",2026-01-21T00:55:41.705733
"Hytale boss calls last week's long-awaited early release ""the most challenging but rewarding experience"" of his life","<img src=""https://assetsio.gnwcdn.com/Hytale-image-showing-a-blocky-male-character-in-a-fantasy-land.jpg?width=690&quality=85&format=jpg&auto=webp"" /> <p>Hytale boss Simon Collins-Laflamme has called the Minecraft-like's recent early access launch ""the most challenging but rewarding experience"" of his life.</p> <p><a href=""https://www.eurogamer.net/hytale-boss-calls-early-release-the-most-challenging-but-rewarding-experience"">Read more</a></p>",2026-01-21T00:55:41.705733
Veteran World of Warcraft lead joins Riot Games as a producer on upcoming rival MMO,"<img src=""https://assetsio.gnwcdn.com/Kled-in-League-of-Legends.jpg?width=690&quality=85&format=jpg&auto=webp"" /> <p>Raymond Bartos, producer on the World of Warcraft team, has announced his new role at a rival studio. He'll now be working on a whole new MMO, the much-anticipated and very mysterious Riot Games MMO no less.</p> <p><a href=""https://www.eurogamer.net/veteran-world-of-warcraft-lead-joins-riot-games-as-a-producer-on-upcoming-rival-mmo"">Read more</a></p>",2026-01-21T00:55:41.705733
"2025 breakout indie hit Ball x Pit to get two new characters, loads of new balls in new update","<img src=""https://assetsio.gnwcdn.com/Ball-x-Pit-Regal-Update.png?width=690&quality=85&format=jpg&auto=webp"" /> <p>Kenny Sun and Friends' <a href=""https://www.eurogamer.net/ball-x-pit-review"">Ball x Pit</a> was among <a href=""https://www.eurogamer.net/the-50-best-games-of-2025-ranked"">Eurogamer's favourite games of 2025</a>, so imagine our excitement when <a href=""https://www.youtube.com/watch?v=gCmmoL2Mtq0"">it was confirmed</a> free content drops were set to arrive this year. Now, the wait for the first major update is almost over.</p> <p><a href=""https://www.eurogamer.net/ball-x-pit-reveals-first-content-update-with-new-characters-and-balls"">Read more</a></p>",2026-01-21T00:55:41.705733
2XKO review,"<img src=""https://assetsio.gnwcdn.com/2xko-yasuo-header.jpg?width=690&quality=85&format=jpg&auto=webp"" /> <p>A <a href=""https://www.eurogamer.net/games/league-of-legends"">League of Legends</a> fighting game is the sort of idea only the most stoned bozo, most gormless ruffian, could have dreamt up a decade or so ago. It stands in the day-dream pantheon of a Riot Games MMO (wait a minute), or some kind of League of Legends trading card game (hang on a second). Yet, despite the odds not only does such a game exist, but it's class A kino. Though, not without fault.</p> <p><a href=""https://www.eurogamer.net/2xko-review"">Read more</a></p>",2026-01-21T00:55:41.705733
"After a troubled relaunch, Splitgate Arena Reloaded adds an Arena Royale mode later this week","<img src=""https://assetsio.gnwcdn.com/Splitgate-Arena-Reloaded-image-from-the-Arena-Royale-promo-showing-a-player-skydiving-in.jpg?width=690&quality=85&format=jpg&auto=webp"" /> <p>Developer 1047 Games will add an Arena Royale mode to Splitgate Arena Reloaded later this week.</p> <p><a href=""https://www.eurogamer.net/after-a-troubled-relaunch-splitgate-arena-reloaded-adds-an-arena-royale-mode-later-this-week"">Read more</a></p>",2026-01-21T00:55:41.705733
"Hitman: World of Assassination will finally let you use your PS5 save on Switch 2, plus other variations, from next month","<img src=""https://assetsio.gnwcdn.com/Hitman-WoA_header.jpg?width=690&quality=85&format=jpg&auto=webp"" /> <p>As we prepare for <a href=""https://www.eurogamer.net/companies/io-interactive"">IO Interactive</a>'s <a href=""https://www.eurogamer.net/games/007-first-light"">007 First Light</a>, set to finally launch in May, and celebrate <a href=""https://www.eurogamer.net/hitman-3-world-of-assassination-all-time-classic"">Hitman 3's five-year anniversary</a>, we've received news <a href=""https://www.eurogamer.net/games/hitman-world-of-assassination"">Hitman: World of Assassination</a> is, at long last, getting cross-progression support.</p> <p><a href=""https://www.eurogamer.net/hitman-world-of-assassination-getting-cross-progression-in-february-2026"">Read more</a></p>",2026-01-21T00:55:41.705733
Here's the next batch of Xbox Game Pass games for January,"<img src=""https://assetsio.gnwcdn.com/Screenshot-from-Indika-showing-a-nun-with-a-male-character.-There-is-an-Xbox-logo-in-the-upper-right-corner.jpg?width=690&quality=85&format=jpg&auto=webp"" /> <p>Microsoft has revealed the next batch of games coming to its Xbox Game Pass subscription service this January, and into next month.</p> <p><a href=""https://www.eurogamer.net/heres-the-next-batch-of-xbox-game-pass-games-for-january"">Read more</a></p>",2026-01-21T00:55:41.705733
Divinity: Original Sin 2 hits new post-launch-window high as Larian's bloodthirsty The Game Awards reveal boosts studio's back catalogue,"<img src=""https://assetsio.gnwcdn.com/BG3---Divinity-OS2_skeleton.jpg?width=690&quality=85&format=jpg&auto=webp"" /> <p>Larian Studios' <a href=""https://www.eurogamer.net/divinity-will-be-a-turn-based-rpg-and-see-larian-unleashed-declares-ceo-swen-vincke-replacing-the-dd-system-with-one-made-for-a-video-game"">new Divinity game</a> has been the talk of town since it was revealed at <a href=""https://www.eurogamer.net/heres-everything-announced-at-the-game-awards-2025"">The Game Awards 2025</a>. Even the comments on potential gen-AI use, ensuing backlash, and <a href=""https://www.eurogamer.net/change-of-mind-larian-says-it-will-not-use-gen-ai-at-all-in-relation-to-divinity-concept-art"">course-correction</a> haven't sunk the excitement around the next RPG from the developers behind <a href=""https://www.eurogamer.net/baldurs-gate-3-a-critical-success-with-critical-failures"">Baldur's Gate 3</a>. In fact, the 2023 CRPG and the studio's previous game, <a href=""https://www.eurogamer.net/divinity-original-sin-2-review"">Divinity: Original Sin 2</a>, have seen a surge in popularity.</p> <p><a href=""https://www.eurogamer.net/divinity-original-sin-2-and-baldurs-gate-3-hit-new-highs-after-larian-game-awards-reveal"">Read more</a></p>",2026-01-21T00:55:41.705733
Elder Scrolls Online studio insists shift from expansions to smaller seasonal updates unrelated to sweeping Microsoft layoffs,"<img src=""https://assetsio.gnwcdn.com/eso-screenshot-fire.jpg?width=690&quality=85&format=jpg&auto=webp"" /> <p>
Following last week's announcement that long-running MMO The Elder Scrolls Online would be moving away from traditional major expansions to focus on smaller seasonal updates, developer ZeniMax Online has insisted the big shake-up is in no way related to last year's sweeping layoffs at parent company Microsoft, which <a href=""https://www.eurogamer.net/zenimax-employees-discuss-chaos-of-microsofts-inhumane-mass-layoffs-in-new-report"">heavily impacted</a> the studio.
</p> <p><a href=""https://www.eurogamer.net/elder-scrolls-online-studio-says-smaller-seasonal-updates-unrelated-to-microsoft-layoffs"">Read more</a></p>",2026-01-21T00:55:41.705733
"Despite their simple, nostalgia-fuelled formula, the original Pokémon games took ""a great deal of trial and error"" to develop","<img src=""https://assetsio.gnwcdn.com/pokemon_TXoH4jO.png?width=690&quality=85&format=jpg&auto=webp"" /> <p><a href=""https://www.eurogamer.net/games/pokemon-legends-z-a"">Pok&eacute;mon</a> is celebrating its 30th anniversary on 27th February, and we're collectively dying to see what might be revealed about the <a href=""https://www.ign.com/articles/pokmon-teraleak-reveals-unannounced-games-seemingly-laying-out-franchises-major-releases-through-2030"">long-rumoured next mainline game</a> and other projects. Moreover, <a href=""https://www.eurogamer.net/games/pokemon-pokopia"">Pokopia</a> aims to shake things up with a new take on town life sims in early March. In its beginnings, however, the series took a long time to figure out.</p> <p><a href=""https://www.eurogamer.net/the-original-pokemon-games-took-lots-of-trial-and-error-to-develop"">Read more</a></p>",2026-01-21T00:55:41.705733
"As Hitman 3 turns five years old, we surely have enough hindsight to declare: this is one of the greatest of all time, right?","<img src=""https://assetsio.gnwcdn.com/hitman-3_720.jpg?width=690&quality=85&format=jpg&auto=webp"" /> <p>I can still very clearly remember the first time I was told anything about 2016's Hitman, the soft reboot of the adventures of gaming's most-beloved slaphead. It was at an industry event, several months before the game was due to be announced at E3 2015. It was the usual sort of 'told about a game early' affair. Someone from <a href=""https://www.eurogamer.net/companies/square-enix"">Square Enix</a> gushed over a pint.</p> <p><a href=""https://www.eurogamer.net/hitman-3-world-of-assassination-all-time-classic"">Read more</a></p>",2026-01-21T00:55:41.705733
"Tomb Raider publishers floated a Lara Croft anime redesign in Japan, but the original developers refused it","<img src=""https://assetsio.gnwcdn.com/Lara-and-Natla-from-Tomb-Raider-manga-style.jpg?width=690&quality=85&format=jpg&auto=webp"" /> <p>One of the original Tomb Raider creators has shared some details on a previous request from a Japanese publisher, which asked the team to give Lara Croft an anime-style redesign to make her more widely appealing.</p> <p><a href=""https://www.eurogamer.net/tomb-raider-publishers-floated-a-lara-croft-anime-redesign-in-japan-but-the-original-developers-refused-it"">Read more</a></p>",2026-01-21T00:55:41.705733
"The Atari Hotel is a step closer to reality, but look at the designs and tell me: would you actually want to sleep there?","<img src=""https://assetsio.gnwcdn.com/Phoenix-Atari-Hotel---4-Breezeway.jpg?width=690&quality=85&format=jpg&auto=webp"" /> <p>A top-to-bottom Atari-themed hotel is increasingly close to becoming a reality. A location has been found - in the centre of Phoenix, Arizona - and the company responsible, Intersection Development, says construction will begin late 2026 with a prospective opening date of late 2028.</p> <p><a href=""https://www.eurogamer.net/atari-hotel-closer-to-reality-new-designs-renders"">Read more</a></p>",2026-01-21T00:55:41.705733
"Nintendo Switch 2 sales may be lagging a bit in the West, but its impact on Japan's console market is undeniable","<img src=""https://assetsio.gnwcdn.com/Mario_stonks.jpg?width=690&quality=85&format=jpg&auto=webp"" /> <p>With the <a href=""https://www.eurogamer.net/is-the-switch-2-getting-more-expensive-soon-nintendo-says-theres-no-immediate-impact-but-will-keep-an-eye-on-volatile-memory-market"">menace of price hikes</a> looming over every piece of gaming hardware and early 2026 reports that <a href=""https://www.ign.com/articles/nintendo-source-blames-switch-2-holiday-sales-slowdown-on-the-economic-landscape-and-the-absence-of-a-major-western-game-despite-the-release-of-metroid-prime-4-beyond"">Nintendo Switch 2 was below Switch 1's sales curve over its first December period</a> in the US and Europe, many have started to wonder if we were looking at a strong start with bad legs for the newest hybrid console. But, in Japan at least, that doesn't seem to be the case.</p> <p><a href=""https://www.eurogamer.net/nintendo-switch-2-boosted-japan-console-market-in-2025"">Read more</a></p>",2026-01-21T00:55:41.705733
Marathon soars to Steam's Top Sellers after release date reveal,"<img src=""https://assetsio.gnwcdn.com/marathon-trailer-crop-header.jpg?width=690&quality=85&format=jpg&auto=webp"" /> <p>Marathon has swiftly climbed Steam's Top Sellers list following the <a href=""https://www.eurogamer.net/marathon-release-date-reportedly-leaks-via-xbox-store-pre-order-trailer"">reveal of its 5th March release date</a>.</p> <p><a href=""https://www.eurogamer.net/marathon-soars-to-steams-top-sellers-after-release-date-reveal"">Read more</a></p>",2026-01-21T00:55:41.705733
Cyberpunk 2077 VR mod removed by CD Projekt after its creator wouldn't release it for free,"<img src=""https://assetsio.gnwcdn.com/Cyberpunk-2077-image-showing-a-tattooed-male-with-blue-spiked-hair-weilding-a-sword-at-the-camera.jpg?width=690&quality=85&format=jpg&auto=webp"" /> <p>A mod for <a href=""https://www.eurogamer.net/games/cyberpunk-2077"">Cyberpunk 2077</a> which enabled the game to be playable in VR has been removed following a legal takedown notice by CD Projekt.</p> <p><a href=""https://www.eurogamer.net/cyberpunk-2077-vr-mod-removed-by-cd-projekt-after-its-creator-wouldnt-release-it-for-free"">Read more</a></p>",2026-01-21T00:55:41.705733
Bungie reveals Marathon voice cast and it's full of familiar names from Baldur's Gate 3 and Clair Obscur,"<img src=""https://assetsio.gnwcdn.com/marathon-trailer-crop-header.jpg?width=690&quality=85&format=jpg&auto=webp"" /> <p>
With Marathon's 5th March release date <a href=""https://www.eurogamer.net/marathon-release-date-reportedly-leaks-via-xbox-store-pre-order-trailer"">now official</a>, developer Bungie has started sharing other bits of info about its PvPvE extraction shooter, including a lengthy cast list that - with names including Jennifer English and Ben Starr - reads like a bit of a who's who of video game acting talent.
</p> <p><a href=""https://www.eurogamer.net/bungie-reveals-marathon-cast-baldurs-gate-3-clair-obscur"">Read more</a></p>",2026-01-21T00:55:41.705733
Sega reminds us it's not just celebrating Sonic's 35th this year as it breaks out the party hats for another classic series,"<img src=""https://assetsio.gnwcdn.com/sonic-puyo-header.jpg?width=690&quality=85&format=jpg&auto=webp"" /> <p>
Sonic the Hedgehog might be in the spotlight this year as the legendary platformer's 35th anniversary looms, but it's not the only classic Sega series celebrating a major milestone in 2026. Much-loved match-puzzler Puyo Puyo is also turning 35, and the publisher has kicked off its blobby birthday celebrations with new artwork and more.
</p> <p><a href=""https://www.eurogamer.net/sega-sonic-35th-anniversary-puyo-puyo"">Read more</a></p>",2026-01-21T00:55:41.705733
Resident Evil 5 and Street Fighter actor confirms Tomb Raider: Catalyst role,"<img src=""https://assetsio.gnwcdn.com/A-short-haired-lady-with-sunglasses-and-fabulous-earrings-points-a-gun-in-Tomb-Raider-Catalyst-trailer.jpg?width=690&quality=85&format=jpg&auto=webp"" /> <p>Another voice actor has confirmed their participation in upcoming <a href=""https://www.eurogamer.net/tomb-raider-games-order"">Tomb Raider game</a>, Catalyst.</p> <p><a href=""https://www.eurogamer.net/resident-evil-5-and-street-fighter-actor-confirms-tomb-raider-catalyst-role"">Read more</a></p>",2026-01-21T00:55:41.705733
"Dynasty Warriors: Origins is big enough, dense enough, and (nearly) successful enough to warrant two sequels, instead of just one","<img src=""https://assetsio.gnwcdn.com/DW-Origins_main.png?width=690&quality=85&format=jpg&auto=webp"" /> <p>2025's <a href=""https://www.eurogamer.net/dynasty-warriors-origins-review-top-notch-hack-and-slash-stumbles-off-the-battlefield"">Dynasty Warriors: Origins</a>, which has just celebrated its first anniversary, was <a href=""https://www.metacritic.com/game/dynasty-warriors-origins/"">generally considered a big success</a> and a much-needed evolution of the long-running hack-and-slash series. Later this week, the <a href=""https://www.ign.com/videos/dynasty-warriors-origins-visions-of-four-heroes-official-reveal-trailer-state-of-play"">Visions of Four Heroes DLC</a> and its <a href=""https://www.youtube.com/watch?v=yL69vFOt_lM"">Nintendo Switch 2 port</a> are launching, and a recent interview with producer Tomohiko Sho has teased what might be coming next.</p> <p><a href=""https://www.eurogamer.net/dynasty-warriors-origins-might-continue-with-two-sequels"">Read more</a></p>",2026-01-21T00:55:41.705733
"""Even we can get swept up in the negativity"" - Pocketpair reflects on the good, the bad and the ugly for Palworld's second anniversary","<img src=""https://assetsio.gnwcdn.com/palworld-2nd.jpg?width=690&quality=85&format=jpg&auto=webp"" /> <p>Cast your minds back to this day two years ago, and you will recall Pocketpair's creature catching survival game <a href=""https://www.eurogamer.net/palworld-beginner-tips-tricks-9409"">Palworld</a> taking the internet and players by storm.</p> <p><a href=""https://www.eurogamer.net/even-we-can-get-swept-up-in-the-negativity-pocketpair-reflects-on-the-good-the-bad-and-the-ugly-for-palworlds-second-anniversary"">Read more</a></p>",2026-01-21T00:55:41.705733
"Following an earlier Xbox leak, Marathon's release date has been locked in","<img src=""https://assetsio.gnwcdn.com/Marathon-screenshot-showing-a-player-in-a-futuristic-helmet.jpg?width=690&quality=85&format=jpg&auto=webp"" /> <p><strong>UPDATE 4.12pm:</strong> And it is confirmed. Marathon releases on 5th March, across Xbox Series X/S, PS5 and PC via Steam.</p> <p><a href=""https://www.eurogamer.net/marathon-release-date-reportedly-leaks-via-xbox-store-pre-order-trailer"">Read more</a></p>",2026-01-21T00:55:41.705733
Hytale's modding scene is off to a great start as Minecraft can now be run inside the sandbox RPG,"<img src=""https://assetsio.gnwcdn.com/Hytale-x-Minecraft.jpg?width=690&quality=85&format=jpg&auto=webp"" /> <p>It's safe to say <a href=""https://www.eurogamer.net/games/hytale"">Hytale</a> is 2026's biggest indie hit so far, with the game <a href=""https://www.eurogamer.net/long-awaited-minecraft-a-like-hytale-has-already-sold-enough-to-fund-the-next-two-years-of-development-and-its-not-even-out-yet"">securely funding the next two years of development</a> before it was even out into early access last week. It seems the idea of a proper competitor to <a href=""https://www.eurogamer.net/games/minecraft"">Minecraft</a> was a golden one, but that isn't stopping modders and passionate tinkerers from putting Minecraft <em>inside</em> Hytale.</p> <p><a href=""https://www.eurogamer.net/hytale-modder-puts-minecraft-and-doom-inside-the-world-map"">Read more</a></p>",2026-01-21T00:55:41.705733
"Ex-Assassin's Creed boss Marc-Alexis Côté sues Ubisoft after his surprise and ""disguised dismissal""","<img src=""https://assetsio.gnwcdn.com/Naoe-looks-at-a-hidden-blade-in-Assassin's-Creed-Shadows.jpg?width=690&quality=85&format=jpg&auto=webp"" /> <p>Former Assassin's Creed leader Marc-Alexis C&ocirc;t&eacute; is reportedly suing Ubisoft following a surprise and suspicious departure from the company last year.</p> <p><a href=""https://www.eurogamer.net/ex-assassins-creed-boss-marc-alexis-cote-sues-ubisoft"">Read more</a></p>",2026-01-21T00:55:41.705733
"Far Cry 3's Rook Islands can be experienced with 60fps later this week (and there may be more Far Cry upgrades coming, too)","<img src=""https://assetsio.gnwcdn.com/image-(168).png?width=690&quality=85&format=jpg&auto=webp"" /> <p><strong>UPDATE 20/1/2026: </strong>Ubisoft has announced what we all suspected - <a href=""https://www.eurogamer.net/games/far-cry-primal"">Far Cry Primal</a> is getting a free 60FPS update, which is arriving on 21 January.</p> <p><a href=""https://www.eurogamer.net/far-cry-3s-rook-islands-can-be-experienced-with-60fps-later-this-week"">Read more</a></p>",2026-01-21T00:55:41.705733
"Marvel Rivals developers are planning to go after cosmetic-hungry farmers, with players hoping the disruptors finally ""touch grass""","<img src=""https://assetsio.gnwcdn.com/deadpool-marvel-rivals.jpg?width=690&quality=85&format=jpg&auto=webp"" /> <p><a href=""https://www.eurogamer.net/games/marvel-rivals"">Marvel Rivals</a> is currently enjoying a <a href=""https://steamdb.info/app/2767030/charts/#1m"">boost in its player numbers</a> following the long-awaited debut of <a href=""https://www.eurogamer.net/deadpool-is-joining-marvel-rivals-later-this-week-and-he-can-pretty-much-do-anything-he-wants"">Deadpool</a>, but some players continue to ruin the fun for everyone. Thankfully, the developers of the game are on the case and planning to ult them into oblivion soon enough.</p> <p><a href=""https://www.eurogamer.net/marvel-rivals-developers-are-planning-to-go-after-cosmetic-hungry-farmers-with-players-hoping-the-disruptors-finally-touch-grass"">Read more</a></p>",2026-01-21T00:55:41.705733
"""Our ambitions are definitely large"" Arc Raiders' robot bosses set to become even scarier as Embark looks to ""escalate"" PvE","<img src=""https://assetsio.gnwcdn.com/boss-arc.jpg?width=690&quality=85&format=jpg&auto=webp"" /> <p>After almost three months of scavenging and fighting, <a href=""https://www.eurogamer.net/games/arc-raiders"">Arc Raiders</a> players have become quite good at dealing with the extraction shooter's PvE foes. Diehards might be worried about that side of the game becoming stale soon, but don't worry: Embark could be about to unleash hell on us.</p> <p><a href=""https://www.eurogamer.net/arc-raiders-robot-bosses-set-to-become-even-scarier-pve-escalate-embark"">Read more</a></p>",2026-01-21T00:55:41.705733
"Police have cordoned off Rockstar north after explosion, reportedly caused by malfunctioning boiler","<img src=""https://assetsio.gnwcdn.com/grand-theft-auto-6-character-4k-wallpaper-uhdpaper.com-269%401%40n.jpg?width=690&quality=85&format=jpg&auto=webp"" /> <p>Update (3PM UK): A rockstar spokesperson has provided a statement to IGN addressing the matter, confirming a boiler malfunction was the cause of the incident. The statement reads as follows:
</p> <p><a href=""https://www.eurogamer.net/police-have-cordoned-off-rockstar-north-after-explosion-reportedly-caused-by-malfunctioning-boiler"">Read more</a></p>",2026-01-21T00:55:41.705733
"Fallout Season 2 streaming ratings may be down, but Bethesda and Amazon are probably still feeling pretty rad","<img src=""https://assetsio.gnwcdn.com/close-up-of-The-Ghoul-in-Amazon's-Fallout-show.jpg?width=690&quality=85&format=jpg&auto=webp"" /> <p>We've been greatly enjoying <a href=""https://www.eurogamer.net/tv-shows/fallout"">Fallout Season 2</a> so far, and it seems that <a href=""https://www.eurogamer.net/fallout-4-new-vegas-player-numbers-skyrocket-thanks-to-the-unavoidable-impact-of-fallout-season-2"">most fans are</a> too, but the change from binge-based season drop to a weekly release schedule has had an impact on the show's ratings. Don't worry, though: this stumble isn't in danger of disappointing the powers that be.</p> <p><a href=""https://www.eurogamer.net/fallout-season-2-streaming-ratings-down"">Read more</a></p>",2026-01-21T00:55:41.705733
"Amazon's God of War casts Thor's wife, Sif","<img src=""https://assetsio.gnwcdn.com/Teresa-Palmer-next-to-an-image-of-Sif-in-God-of-War-Ragnarok_lUcKxSE.jpg?width=690&quality=85&format=jpg&auto=webp"" /> <p>Another name has been added to the growing cast list for Amazon's God of War live-action series.</p> <p><a href=""https://www.eurogamer.net/amazons-god-of-war-casts-thors-wife-sif"">Read more</a></p>",2026-01-21T00:55:41.705733
"It looks like we're getting an ad-supported Xbox Cloud Gaming tier, and it could be official as soon as this week","<img src=""https://assetsio.gnwcdn.com/Fable---Xbox-Games-Showcase-1-13-screenshot.png?width=690&quality=85&format=jpg&auto=webp"" /> <p>Early indicators that advertisements are coming to the Xbox Cloud Gaming service have been spotted by users, with messages stating that ""ad-supported playtime"" popping up for users when launching games.</p> <p><a href=""https://www.eurogamer.net/xbox-cloud-gaming-ad-support"">Read more</a></p>",2026-01-21T00:55:41.705733
"28 Years Later: The Bone Temple star wants Dead by Daylight to add his character to the game, even though he is only 15","<img src=""https://assetsio.gnwcdn.com/Alfie-Williams-in-28-Years-Later.jpg?width=690&quality=85&format=jpg&auto=webp"" /> <p>Young Alfie Williams reckons <a href=""https://www.eurogamer.net/games/dead-by-daylight"">Dead by Daylight</a> should introduce his character from 28 Years Later: The Bone Temple into the multiplayer slasher-fest.</p> <p><a href=""https://www.eurogamer.net/28-years-later-the-bone-temple-star-wants-dead-by-daylight-to-add-his-character-to-the-game-even-though-he-is-only-15"">Read more</a></p>",2026-01-21T00:55:41.705733
Rockstar gives terminally ill fan early access to GTA 6,"<img src=""https://assetsio.gnwcdn.com/(567)-Grand-Theft-Auto-VI-Trailer-2-00-01-39.png?width=690&quality=85&format=jpg&auto=webp"" /> <p>Rockstar has helped a terminally ill fan play <a href=""https://www.eurogamer.net/gta-6-everything-we-know-so-far-9357"">GTA 6</a> ahead of its November release date.</p> <p><a href=""https://www.eurogamer.net/rockstar-gives-terminally-ill-fan-early-access-to-gta-6"">Read more</a></p>",2026-01-21T00:55:41.705733
"That Pokémon pricing might be eye-watering, but there's never been a better time to love Lego and gaming - in pretty much any price bracket","<img src=""https://assetsio.gnwcdn.com/pokemon-lego-header.jpg?width=690&quality=85&format=jpg&auto=webp"" /> <p>It's quite the time to be somebody who loves both video games and Lego. In a sense, it perhaps shouldn't be surprising that the worlds of digital gaming and Danish brick-building toys are colliding so thoroughly - the venn diagram of the audiences of each is frequently simply a circle. In fact, it's sort of surprising that it took this long. Lego welcomed its first licensed brand sets in 1999 with the arrival of Star Wars - and by that logic, it took about a quarter century for video game-inspired builds to <em>really</em> take hold in the Lego space.</p> <p><a href=""https://www.eurogamer.net/that-pokemon-pricing-might-be-eye-watering-but-theres-never-been-a-better-time-to-love-lego-and-gaming-in-pretty-much-any-price-bracket"">Read more</a></p>",2026-01-21T00:55:41.705733
Looks like Resident Evil Requiem isn't getting a collector's edition - but why?,"<img src=""https://assetsio.gnwcdn.com/Leon-and-Grace-on-the-cover-of-Resident-Evil-Requiem.jpg?width=690&quality=85&format=jpg&auto=webp"" /> <p>Earlier this week, Capcom pulled back the (rotting) curtain on the latest instalment of its storied horror series, Resident Evil. And while we learned a bit more about Resident Evil Requiem's story and how it plays out, some fans were surprised that we didn't get a collector's edition (CE) reveal.</p> <p><a href=""https://www.eurogamer.net/looks-like-resident-evil-requiem-isnt-getting-a-collectors-edition-but-why"">Read more</a></p>",2026-01-21T00:55:41.705733
Hytale's first update is here - here's what's new,"<img src=""https://assetsio.gnwcdn.com/Hytale_Tips_2.jpg?width=690&quality=85&format=jpg&auto=webp"" /> <p>Hytale's first update is here, introducing a range of fixes and quality-of-life (QoL) improvements as the team promises it is ""committed to maintaining a rapidly patching cadence to address issues and improve the game"".</p> <p><a href=""https://www.eurogamer.net/hytales-first-update-is-here-heres-whats-new"">Read more</a></p>",2026-01-21T00:55:41.705733
Sony's live-action adaptation of The Legend of Zelda will stream on Netflix,"<img src=""https://assetsio.gnwcdn.com/Link-in-the-Zelda-film.jfif?width=690&quality=85&format=jpg&auto=webp"" /> <p>The highly-anticipated live-action adaptation of Nintendo's The Legend of Zelda is coming to Netflix after its ""theatrical and home entertainment release periods"".</p> <p><a href=""https://www.eurogamer.net/sonys-live-action-adaptation-of-the-legend-of-zelda-will-stream-on-netflix"">Read more</a></p>",2026-01-21T00:55:41.705733
Yakuza 3 Remastered will not be available to buy as a standalone game after Yakuza Kiwami 3 & Dark Ties releases next month,"<img src=""https://assetsio.gnwcdn.com/Yakuza-Kiwami-3-%26-Dark-Ties-_-Announcement-Trailer-4-28-screenshot.png?width=690&quality=85&format=jpg&auto=webp"" /> <p>Yakuza studio Ryu Ga Gotoku Studio has confirmed <a href=""https://www.eurogamer.net/games/yakuza-3"">Yakuza 3</a> Remastered will no longer be available as a standalone purchase after <a href=""https://www.eurogamer.net/games/yakuza-kiwami"">Yakuza Kiwami</a> 3 & Dark Ties releases next month.</p> <p><a href=""https://www.eurogamer.net/yakuza-3-remastered-will-not-be-available-to-buy-as-a-standalone-game-after-yakuza-kiwami-3-dark-ties-releases-next-month"">Read more</a></p>",2026-01-21T00:55:41.705733
Valve amends AI disclosure policy but still stresses players need to be informed if genAI is used,"<img src=""https://assetsio.gnwcdn.com/steam-games.jpg?width=690&quality=85&format=jpg&auto=webp"" /> <p>Valve has amended its guidance on AI disclosure and clarified that while developers using ""AI-powered tools"" for ""efficiency gains"" is not the focus of its policy, they must still disclose if generative AI is used in their games.</p> <p><a href=""https://www.eurogamer.net/valve-amends-ai-disclosure-policy-but-still-stresses-players-need-to-be-informed-if-genai-is-used"">Read more</a></p>",2026-01-21T00:55:41.705733
"What we've been playing - ""I am Snake. I am one with the jungle. I am hungry""","<img src=""https://assetsio.gnwcdn.com/snakey-snake-metal-gear-solidy.jpg?width=690&quality=85&format=jpg&auto=webp"" /> <p>Hello and welcome back to our regular feature where we write a little about the games we've been playing. This week, Bertie thinks about boxes of chocolate; Victoria eats mini-eggs; Connor skives off work; Marie calls for Walker but Bill keeps on answering; and Matt feels all warm and fuzzy inside.</p> <p><a href=""https://www.eurogamer.net/what-weve-been-playing-i-am-snake-i-am-one-with-the-jungle-i-am-hungry"">Read more</a></p>",2026-01-21T00:55:41.705733
The Division 3 creative director has suddenly left to join Battlefield Studios,"<img src=""https://assetsio.gnwcdn.com/the-division-2_ZXO7Tyn.jpg?width=690&quality=85&format=jpg&auto=webp"" /> <p>Senior producer for The Division series Julian Gerighty has announced his departure from Ubisoft, heading over to Battlefield Studios.</p> <p><a href=""https://www.eurogamer.net/the-division-3-creative-director-has-suddenly-left-to-join-battlefield-studios"">Read more</a></p>",2026-01-21T00:55:41.705733
"Viral Roblox hit Steal A Brainrot is now a big enough deal it's getting its first celebrity concert, from Bruno Mars","<img src=""https://assetsio.gnwcdn.com/bruno-mars-roblox.png?width=690&quality=85&format=jpg&auto=webp"" /> <p>
In a sign it really has hit the big time, viral multiplayer <a href=""https://www.eurogamer.net/games/roblox"">Roblox</a> smash Steal A Brainrot - which was the first game on the platform to surpass 25m concurrent players following its launch last year - has announced it's getting its first celebrity concert, with Bruno Mars set to make a ""pop up"" appearance to promote his new single this weekend.
</p> <p><a href=""https://www.eurogamer.net/viral-roblox-hit-steal-a-brainrot-is-now-a-big-enough-deal-its-getting-its-first-celebrity-concert-from-bruno-mars"">Read more</a></p>",2026-01-21T00:55:41.705733
"Risqué Animal Crossing: New Horizons ""adult only"" island deleted by Nintendo after five years","<img src=""https://assetsio.gnwcdn.com/Tom-Nook-from-Animal-Crossing-New-Horizons-overlaid-on-an-image-from-the-adult-only-Dream-Island-showing-a-Statue-of-David-and-cleverly-placed-palm-tree.jpg?width=690&quality=85&format=jpg&auto=webp"" /> <p>It's the end of an era. After five years, <a href=""https://www.eurogamer.net/games/animal-crossing-new-horizons"">Animal Crossing: New Horizons</a>' risqu&eacute; but incredibly popular ""adult only"" island has been deleted by Nintendo.</p> <p><a href=""https://www.eurogamer.net/risque-animal-crossing-new-horizons-adult-only-island-deleted-by-nintendo-after-five-years"">Read more</a></p>",2026-01-21T00:55:41.705733
"""I had in my mind that The Elder Scrolls 6 was going to be like The Empire Strikes back,"" says former Bethesda designer once tipped to become the project's lead","<img src=""https://assetsio.gnwcdn.com/luke-2.jpg?width=690&quality=85&format=jpg&auto=webp"" /> <p>The person allegedly once earmarked for the role of lead designer of The Elder Scrolls 6, Kurt Kuhlmann, has said that if they had their way, the game would have been like the beloved Star Wars movie The Empire Strikes Back.</p> <p><a href=""https://www.eurogamer.net/the-elder-scrolls-6-could-have-been-like-star-wars-the-empire-strikes-back"">Read more</a></p>",2026-01-21T00:55:41.705733
"""We are developing this to be the 'Masterpiece' version"" Dragon Quest 7's producer on taking a scalpel to the structure of a classic","<img src=""https://assetsio.gnwcdn.com/DQ-header.jpg?width=690&quality=85&format=jpg&auto=webp"" /> <p>The original <a href=""https://www.eurogamer.net/games/dragon-quest-7-fragments-forgotten-past"">Dragon Quest 7</a> is a masterpiece. But, despite its legendary status, even those who love it dearly should be able to readily admit that it is also highly flawed. One person who knows that acutely well is Takeshi Ichikawa - the producer at <a href=""https://www.eurogamer.net/companies/square-enix"">Square Enix</a> in charge of shepherding Dragon Quest 7 Reimagined, an imminent remake of the game, to market.</p> <p><a href=""https://www.eurogamer.net/we-are-developing-this-to-be-the-masterpiece-version-dragon-quest-7s-producer-on-taking-a-scalpel-to-the-structure-of-a-classic"">Read more</a></p>",2026-01-21T00:55:41.705733
Arknights Endfield passes 35m pre-registered players ahead of launch this month,"<img src=""https://assetsio.gnwcdn.com/arknights-endfield-key-art-jpg.jpg?width=690&quality=85&format=jpg&auto=webp"" /> <p>Arknights Endfield has surpassed 35 million pre-registered players ahead of its release on the 22nd January.</p> <p><a href=""https://www.eurogamer.net/arknights-endfield-passes-35m-pre-registered-players-ahead-of-launch-this-month"">Read more</a></p>",2026-01-21T00:55:41.705733
"Ubisoft claims Assassin's Creed: Black Flag music reuploads were due to ""technical issues"", and nothing more...","<img src=""https://assetsio.gnwcdn.com/Screenshot-from-Assassin's-Creed-Black-Flag-showing-a-pirate-with-a-feather-adorned-hat.jpg?width=690&quality=85&format=jpg&auto=webp"" /> <p>That music which was reuploaded for Assassin's Creed: Black Flag was apparently just due to ""technical issues"", so stop reading too much into it, ok.</p> <p><a href=""https://www.eurogamer.net/ubisoft-claims-assassins-creed-blag-flag-music-reuploads-were-due-to-technical-issues-and-nothing-more"">Read more</a></p>",2026-01-21T00:55:41.705733
"Following controversy over EA's recent buyout, The Sims 4 starts 2026 with a big expansion about familial dynasties, kings and queens","<img src=""https://assetsio.gnwcdn.com/the-sims-4-royalty-and-legacy-header.jpg?width=690&quality=85&format=jpg&auto=webp"" /> <p>
EA has unveiled <a href=""https://www.eurogamer.net/games/the-sims-4"">The Sims 4</a>'s first major expansion of 2026. It's called the Royalty & Legacy Expansion Pack and promises to be bring familial dynasties, scandal, and intrigue when it launches for all platforms on 12th February.
</p> <p><a href=""https://www.eurogamer.net/following-controversy-over-eas-recent-buyout-the-sims-4-starts-2026-with-a-big-expansion-about-familial-dynasties-kings-and-queens"">Read more</a></p>",2026-01-21T00:55:41.705733
"Ace Combat 7 has sold over 7m copies, seven years after its launch","<img src=""https://assetsio.gnwcdn.com/ace-combat-7-review-a-stellar-return-for-the-skybound-series-1547747509530.jpg?width=690&quality=85&format=jpg&auto=webp"" /> <p>Ace Combat 7, the brilliant flight sim combat game from Bandai Namco, has sold over 7,000,000 copies since releasing in January, 2019.</p> <p><a href=""https://www.eurogamer.net/ace-combat-7-has-sold-over-7-million-copies"">Read more</a></p>",2026-01-21T00:55:41.705733
"""We as a company are always ready to take a stand on the right values"" - GOG says selling indie game Horses when Steam and Epic wouldn't was ""a matter of freedom""","<img src=""https://assetsio.gnwcdn.com/gog-horses.jpg?width=690&quality=85&format=jpg&auto=webp"" /> <p>When provocative horror game Horses was banned from sale on Steam and the Epic Game Store late last year, it nearly led to the closure of acclaimed Italian studio Santa Ragione - denied, as it was, access to some of the world's largest paying game audiences. But amid the panicked delistings there was another company determined to sell Horses and <a href=""https://www.eurogamer.net/following-controversial-bans-from-steam-and-epic-santa-ragiones-horses-has-sold-18k-copies-and-repaid-debts"">throw Santa Ragione a lifeline</a>: Poland-based online store GOG.</p> <p><a href=""https://www.eurogamer.net/gog-says-selling-horses-when-steam-wouldnt-was-matter-of-freedom"">Read more</a></p>",2026-01-21T00:55:41.705733
"Resident Evil Requiem ""an experience with an emotional range"" unlike any other series entry to date (and, um, janitor zombies)","<img src=""https://assetsio.gnwcdn.com/Resident-Evil-Requiem-screenshot-showing-a-scarred-character-in-a-strange-helmet-that-covers-their-eyes.jpg?width=690&quality=85&format=jpg&auto=webp"" /> <p>Capcom's upcoming Resident Evil Requiem will be ""an experience with an emotional range unlike any other Resident Evil title to date"", complete with ... (checks notes) ... a cleaning zombie.</p> <p><a href=""https://www.eurogamer.net/resident-evil-requiem-an-experience-with-an-emotional-range-unlike-any-other-series-entry-to-date-and-um-janitor-zombies"">Read more</a></p>",2026-01-21T00:55:41.705733
"The next Life is Strange game will be revealed next week, following PEGI rating leak","<img src=""https://assetsio.gnwcdn.com/Max-Caulfield-wears-a-yellow-beanie-in-Life-is-Strange-Double-Exposure.jpg?width=690&quality=85&format=jpg&auto=webp"" /> <p>The next game in the <a href=""https://www.eurogamer.net/games/life-is-strange"">Life is Strange</a> series will be unveiled later this month.</p> <p><a href=""https://www.eurogamer.net/the-next-life-is-strange-game-will-be-revealed-next-week-following-pegi-rating-leak"">Read more</a></p>",2026-01-21T00:55:41.705733
You have 12 months to play Amazon's New World before it shuts down forever (unless the COO of Rust gets involved),"<img src=""https://assetsio.gnwcdn.com/amazon-offers-advice-after-reports-its-mmo-new-world-is-bricking-pricey-rtx-3090-graphics-cards-1626892638027.jpg?width=690&quality=85&format=jpg&auto=webp"" /> <p>Amazon Games has announced that New World, its MMORPG first released in 2021, will shut down on the 31st January 2027. <a href=""https://www.eurogamer.net/amazon-reportedly-gutting-its-video-game-division-as-part-of-14000-company-wide-job-cuts"">This comes a few months after the developer ""gutted"" a vast number of staff late last year</a>.</p> <p><a href=""https://www.eurogamer.net/new-world-shutting-down-unless-saved-by-rust"">Read more</a></p>",2026-01-21T00:55:41.705733
"I'm not sure Animal Crossing: New Horizons' busted megaphone and other Switch 2 bits are worth £4.19, but 3.0's a welcome nudge back into Nintendo's lovely world","<img src=""https://assetsio.gnwcdn.com/animal-crossing-megaphone-header.jpg?width=690&quality=85&format=jpg&auto=webp"" /> <p>I cannot begin to tell you how much I was looking forward to hoisting megaphone and bellowing insults at Chops from halfway across my island in Animal Crossing: New Horizon's <a href=""https://www.eurogamer.net/platforms/switch-2"">Switch 2</a> Edition, but the whole voice recognition thing is so flakey - so prone to drawing the attention of entirely the wrong villager - there's liable to be Honaloha-wide revolt if this goes on. I've already shoved the damn thing into storage, and with that out the way, I'm not sure there's enough left of note to warrant the upgrade, even at &pound;4.19.</p> <p><a href=""https://www.eurogamer.net/im-not-sure-animal-crossing-new-horizons-busted-megaphone-and-other-switch-2-bits-are-worth-419-but-30s-a-welcome-nudge-back-into-nintendos-lovely-world"">Read more</a></p>",2026-01-21T00:55:41.705733
"Zelda: Ocarina of Time Lego set revealed, with a mighty Ganon and hidden hearts","<img src=""https://assetsio.gnwcdn.com/Lego-Ocarina-of-Time-The-Final-Battle-set-on-a-table-with-a-smiling-male-behind-it.webp?width=690&quality=85&format=jpg&auto=webp"" /> <p><strong>UPDATE 3.15pm:</strong> Aaaaand it's real. Lego has opened pre-orders for its Legend of Zelda: <a href=""https://www.eurogamer.net/games/the-legend-of-zelda-ocarina-of-time"">Ocarina of Time</a>-themed set, known as The Final Battle.</p> <p><a href=""https://www.eurogamer.net/zelda-ocarina-of-time-lego-set-leaks-and-ganon-looks-fierce"">Read more</a></p>",2026-01-21T00:55:41.705733
Amazon's newly-announced Fallout reality show will plop competitors inside a vault to find out just how SPECIAL they are,"<img src=""https://assetsio.gnwcdn.com/Fallout's-Vault-Boy-giving-a-thumbs-up-and-a-wink(1).jpg?width=690&quality=85&format=jpg&auto=webp"" /> <p>After the undeniable success of its live-action adaptation, Amazon Prime Video has announced a reality television show based on the Fallout games.</p> <p><a href=""https://www.eurogamer.net/amazons-newly-announced-fallout-reality-show-will-plop-competitors-inside-a-vault-to-find-out-just-how-special-they-are"">Read more</a></p>",2026-01-21T00:55:41.705733
"""What is a fair end-of-life cycle for a game?"" As Anthem servers are switched off, GOG weighs the ""complicated riddle"" of multiplayer game preservation","<img src=""https://assetsio.gnwcdn.com/gog-anthem.jpg?width=690&quality=85&format=jpg&auto=webp"" /> <p>Polish digital game-shop GOG has built a business out of restoring classic games - those built for a different era of computers that have been rendered no longer playable. It has been finding a way to bring old classics back since it began operating 17 years ago. But in that time things have changed. New games released during that period became modern classics in their own right and found their way onto GOG, and the company's remit slightly widened. And as time marches forward again, a new challenge in game preservation has emerged - the question of how we save or resurrect fallen multiplayer games.</p> <p><a href=""https://www.eurogamer.net/gog-weighs-complicated-riddle-of-multiplayer-game-preservation"">Read more</a></p>",2026-01-21T00:55:41.705733
First images of Sophie Turner as Lara Croft revealed in classic game attire,"<img src=""https://assetsio.gnwcdn.com/G-tZ8YqWkAAE2iF.jpg?width=690&quality=85&format=jpg&auto=webp"" /> <p>Amazon has released the first official image of Sophie Turner as Lara Croft, ahead of the release of its Tomb Raider TV series.</p> <p><a href=""https://www.eurogamer.net/first-images-of-sophie-turner-as-lara-croft-revealed-in-classic-game-attire"">Read more</a></p>",2026-01-21T00:55:41.705733
Final Fantasy 7 Remake on PS5 and PC get a meaty update ahead of the launch of the Switch 2 and Xbox versions of the game next week,"<img src=""https://assetsio.gnwcdn.com/FF7-intergrade.jpg?width=690&quality=85&format=jpg&auto=webp"" /> <p>Are you excited for <a href=""https://www.eurogamer.net/final-fantasy-7-remake-review-a-faithful-remake-with-a-few-missteps-along-the-way"">Final Fantasy 7 Remake</a> on <a href=""https://www.eurogamer.net/platforms/switch-2"">Switch 2</a> and Xbox Series X/S? If you haven't already tried out the demo to see how it'll run on both platforms, then a new update from <a href=""https://www.eurogamer.net/companies/square-enix"">Square Enix</a> might get you even more hyped for the adventures of Cloud and co. on non-PlayStation and PC platforms. The publisher has announced that next Thursday, 22nd January, 2026, a patch for the PS5 and PC versions will launch that will update existing versions of the game will all the bells and whistles coming to the new platform versions of the game. Per <a href=""https://x.com/finalfantasyvii/status/2011740264772305213"">a tweet</a> from the company, this new patch introduces ""Streamlined Progression, including the ability to keep HP and MP topped up"", and the option to ""always hit for 9,999 damage"". Boosters include the option to toggle HP full, MP full, Limit gauge full, and maximum damage dealt - all of which can be turned on and off individually or as a set.</p> <p><a href=""https://www.eurogamer.net/final-fantasy-7-remake-on-ps5-and-pc-get-a-meaty-update-ahead-of-the-launch-of-the-switch-2-and-xbox-versions-of-the-game-next-week"">Read more</a></p>",2026-01-21T00:55:41.705733
"Pathologic 3 is the great Russian novel told as a video game, and a timely critique of intellectualism","<img src=""https://assetsio.gnwcdn.com/pathologic-3_UrsXkhG.jpg?width=690&quality=85&format=jpg&auto=webp"" /> <p>
What would the great Russian novel look like as a video game? If Dostoyevsky or Gogol had lived to dabble in Unity, what would be the result? The answer might well be Pathologic 3; or, to be more precise, the series of Pathologic games, since their daunting individual thematic and narrative complexity is in part a consequence of how they stand in relation to one another.
</p> <p><a href=""https://www.eurogamer.net/pathologic-3-is-the-great-russian-novel-told-as-a-video-game-and-a-timely-critique-of-intellectualism"">Read more</a></p>",2026-01-21T00:55:41.705733
"Sony wiped over 1,000 shovelware games off the PlayStation store without warning, all from a single developer","<img src=""https://assetsio.gnwcdn.com/jumping-taco.jpg?width=690&quality=85&format=jpg&auto=webp"" /> <p>Over a thousand games from a single developer have been suddenly removed from the PlayStation store in what appears to be a massive move by Sony to shift shovelware games off the PS5 and PS5 store.</p> <p><a href=""https://www.eurogamer.net/sony-wiped-over-1000-shovelware-games-off-the-playstation-store-without-warning-all-from-a-single-developer"">Read more</a></p>",2026-01-21T00:55:41.705733
Evidence mounts to suggest Ubisoft really is about to announce an Assassin’s Creed 4: Black Flag remake,"<img src=""https://assetsio.gnwcdn.com/black-flag-whale.jpg?width=690&quality=85&format=jpg&auto=webp"" /> <p>Ubisoft has re-uploaded a sizable selection of sea shanties from <a href=""https://www.eurogamer.net/games/assassins-creed-iv-black-flag"">Assassin's Creed 4: Black Flag</a>, the latest indication that a remake announcement is imminent.</p> <p><a href=""https://www.eurogamer.net/assassins-creed-black-flag-remake-music-upload"">Read more</a></p>",2026-01-21T00:55:41.705733
"IO Interactive revises (and reduces) 007 First Light PC system specs after gamers highlight ""inconsistencies"" in previous versions","<img src=""https://assetsio.gnwcdn.com/James-Bond-in-007-First-Light-dressed-as-a-chauffer.jfif?width=690&quality=85&format=jpg&auto=webp"" /> <p><a href=""https://www.eurogamer.net/companies/io-interactive"">IO Interactive</a> has released a new set of PC specs for its upcoming Bond origin game, 007 First Light. This is following ""inconsistencies"" in the previous versions, which were brought to its attention by the community.</p> <p><a href=""https://www.eurogamer.net/io-interactive-revises-and-reduces-007-first-light-pc-system-specs-after-gamers-highlight-inconsistencies-in-previous-versions"">Read more</a></p>",2026-01-21T00:55:41.705733
British comedian-packed space comedy Earth Must Die releases really soon and there's now a demo,"<img src=""https://assetsio.gnwcdn.com/earth-must-die.jpg?width=690&quality=85&format=jpg&auto=webp"" /> <p>Earth Must Die, the new game by Dan Marshall's Size Five Game, has just been given a 27th January release date and <a href=""https://store.steampowered.com/app/3639780/Earth_Must_Die/"">a Steam demo</a>.</p> <p><a href=""https://www.eurogamer.net/british-comedian-packed-earth-must-die-gets-release-date-demo"">Read more</a></p>",2026-01-21T00:55:41.705733
Hopes around the unannounced Guild Wars 3 reignite thanks to a new job listing posted by ArenaNet,"<img src=""https://assetsio.gnwcdn.com/guild-wars-2-characters.jpg?width=690&quality=85&format=jpg&auto=webp"" /> <p>A new job listing posted by MMO developer ArenaNet has reignited hopes about Guild Wars 3 being in development.</p> <p><a href=""https://www.eurogamer.net/hopes-around-the-unannounced-guild-wars-3-reignite-thanks-to-a-new-job-listing-posted-by-arenanet"">Read more</a></p>",2026-01-21T00:55:41.705733
"Amazon's God of War series has found its Kratos, and it's Ragnarök's Thor","<img src=""https://assetsio.gnwcdn.com/Kratos-and-Thor-fighting-in-God-of-War-Ragnarok.jpg?width=690&quality=85&format=jpg&auto=webp"" /> <p>Amazon's live action God of War series has found its Kratos, and it's a name you may already recognise from the franchise.</p> <p><a href=""https://www.eurogamer.net/amazons-god-of-war-series-has-found-its-kratos-and-its-ragnaroks-thor"">Read more</a></p>",2026-01-21T00:55:41.705733
"Hytale's early access launch isn't quite ready to step out of Minecraft's shadow, but as a block-loving survival fan I'm still having a blast","<img src=""https://assetsio.gnwcdn.com/hytale-header.jpg?width=690&quality=85&format=jpg&auto=webp"" /> <p>I did not anticipate it'd take me an hour to start my first game of Hytale after loading it up, but you can thank its surprisingly involved character creator for that. Eventually,though - after fashioning a blonde 'tashed, barechested, leather-clad lothario who swings a little more 'porn star' than I was aiming for - I finally went in, and the positive impressions continued.</p> <p><a href=""https://www.eurogamer.net/hytales-early-access-launch-isnt-quite-ready-to-step-out-of-minecrafts-shadow-but-im-still-having-a-blast"">Read more</a></p>",2026-01-21T00:55:41.705733
Here are our PS Plus Extra and Premium games for January,"<img src=""https://assetsio.gnwcdn.com/The-Exit-8-screenshot-showing-a-poster-with-eyes-on-the-wall-of-a-Japanese-underground-with-a-PS-Plus-logo-in-the-corner.jpg?width=690&quality=85&format=jpg&auto=webp"" /> <p>Sony has lifted the lid on its PS Plus Premium and Extra game offerings for January.</p> <p><a href=""https://www.eurogamer.net/here-are-our-ps-plus-extra-and-premium-games-for-january"">Read more</a></p>",2026-01-21T00:55:41.705733
"""I'm not afraid of risk"" - A newly independent GOG eyes indie game publishing, something it couldn't do under CD Projekt Red","<img src=""https://assetsio.gnwcdn.com/gog_oCP6FKH.jpg?width=690&quality=85&format=jpg&auto=webp"" /> <p>Newly independent PC digital game shop GOG is interested in getting into publishing indie games - something it apparently couldn't do while part of CD Projekt Red.</p> <p><a href=""https://www.eurogamer.net/gog-eyes-indie-game-publishing-something-it-couldnt-do-under-cd-projekt-red"">Read more</a></p>",2026-01-21T00:55:41.705733
"Forza Horizon 6's release date might have been revealed early, and it's allegedly coming sooner than anticipated","<img src=""https://assetsio.gnwcdn.com/Forza-Horizon-6-promo-image-showing-the-game's-name-overlaid-on-a-scenic-view-in-Japan.jpg?width=690&quality=85&format=jpg&auto=webp"" /> <p>A new <a href=""https://www.eurogamer.net/xbox-developer-direct-showcase-january-2026"">Developer Direct stream from Xbox</a> is happening next week, and with it we'll get a ""deep dive"" into <a href=""https://www.eurogamer.net/games/forza-horizon-6"">Forza Horizon 6</a>. This is the previously announced next entry in the open-world driving series, which will take us to Japan. However, a surprise may have been spoiled early.</p> <p><a href=""https://www.eurogamer.net/forza-horizon-6s-release-date-might-have-been-revealed-early-and-its-allegedly-coming-sooner-than-anticipated"">Read more</a></p>",2026-01-21T00:55:41.705733
"Umamusume developer apologises after AI studio backlash, says it will not use generative AI ""without prior notice""","<img src=""https://assetsio.gnwcdn.com/screenshot-from-Umamusume-Pretty-Derby-showing-female-anime-characters-racing.jpg?width=690&quality=85&format=jpg&auto=webp"" /> <p>Japanese video game developer Cygames has released a new statement regarding its use of AI, after last week announcing its <a href=""https://www.eurogamer.net/cygames-ai-studio-formed"">intention to create an AI-focused subsidiary company</a>, which stirred up a certain amount of discourse.</p> <p><a href=""https://www.eurogamer.net/umamusume-developer-apologises-after-ai-studio-backlash-says-it-will-not-use-generative-ai-without-prior-notice"">Read more</a></p>",2026-01-21T00:55:41.705733
"Fallout veteran Ron Perlman says he was paid ""40 dollars and a sandwich"" for his voiceover work in the original game","<img src=""https://assetsio.gnwcdn.com/Ron-Fallout.jpg?width=690&quality=85&format=jpg&auto=webp"" /> <p>Right now, <a href=""https://www.eurogamer.net/games/fallout-4"">Fallout</a> is one of the largest video game franchises around. Amazon's highly successful TV show only <a href=""https://www.eurogamer.net/fallout-4-new-vegas-player-numbers-skyrocket-thanks-to-the-unavoidable-impact-of-fallout-season-2"">took the series popularity to the next level</a>. However, before Bethesda decided to take things in a different direction after acquiring the series from Black Isle Studios and Interplay Entertainment, the series wasn't nearly as famous. In fact, veteran narrator Ron Perlman has revealed his first payment for work on the games was hilariously meager.</p> <p><a href=""https://www.eurogamer.net/fallout-veteran-ron-perlman-says-he-was-paid-40-dollars-and-a-sandwich-for-his-voiceover-work-in-the-original-game"">Read more</a></p>",2026-01-21T00:55:41.705733
Surprise! Animal Crossing: New Horizons' free 3.0 update for Switch releases early,"<img src=""https://assetsio.gnwcdn.com/20260114131107-01KEYA1B9XZR6PV8N5RYBKFEK1.jpg?width=690&quality=85&format=jpg&auto=webp"" /> <p>Good news, <a href=""https://www.eurogamer.net/games/animal-crossing-new-horizons"">Animal Crossing: New Horizons</a>' free 3.0 Switch update for all owners has been released earlier than we thought.</p> <p><a href=""https://www.eurogamer.net/surprise-animal-crossing-new-horizons-free-30-update-for-switch-releases-early"">Read more</a></p>",2026-01-21T00:55:41.705733
Ubisoft reportedly cuts jobs at Abu Dhabi studio as company-wide layoffs continue to hit staff,"<img src=""https://assetsio.gnwcdn.com/CSI-Hidden-Crimes-image-showing-a-female-character-with-fair-hair.jpg?width=690&quality=85&format=jpg&auto=webp"" /> <p>We're only two weeks into 2026, but the new year hasn't been kind to Ubisoft employees. Right after the closure of <a href=""https://www.ign.com/articles/ubisoft-shuts-down-assassins-creed-rebellion-developer-halifax-studio-just-weeks-after-it-unionized"">Ubisoft Halifax</a> and layoffs at <a href=""https://www.eurogamer.net/ubisoft-continues-new-wave-of-layoffs-as-55-jobs-are-expected-to-be-cut-at-massive-and-stockholm-offices"">Massive Entertainment and Ubisoft Stockholm</a>, roles are reportedly being cut at Ubisoft Abu Dhabi too.</p> <p><a href=""https://www.eurogamer.net/ubisoft-reportedly-cuts-jobs-at-abu-dhabi-studio-as-company-wide-layoffs-continue-to-hit-staff"">Read more</a></p>",2026-01-21T00:55:41.705733
"Split Fiction and It Takes Two director Josef Fares doesn't see AI ""taking over"", but admits ""who knows what happens in the future""","<img src=""https://assetsio.gnwcdn.com/Mio-in-Split-Fiction_0rPjvIE.jpg?width=690&quality=85&format=jpg&auto=webp"" /> <p>Josef Fares, known for his outspoken and often expletive laden thoughts (<a href=""https://www.eurogamer.net/josef-fares-sweary-oscars-rant-hidden-in-it-takes-two"">remember <em>that </em>Oscars rant</a>?), has now shared his opinion on one of the moment's hottest topics: AI.</p> <p><a href=""https://www.eurogamer.net/split-fiction-and-it-takes-two-director-josef-fares-doesnt-see-ai-taking-over-but-admits-who-knows-what-happens-in-the-future"">Read more</a></p>",2026-01-21T00:55:41.705733
"Battlefield 6 Season 2 delayed until February, but more content for Season 1 and events are on the way","<img src=""https://assetsio.gnwcdn.com/BF6-Season-1-event-winter.jpg?width=690&quality=85&format=jpg&auto=webp"" /> <p>Following a strong launch back in October, <a href=""https://www.eurogamer.net/battlefield-6-review"">Battlefield 6</a> unleashed a notable first season of content, which was expected to end around 20th January. However, following heated feedback, EA and Battlefield Studios are saying Season 2 will now arrive in February.</p> <p><a href=""https://www.eurogamer.net/battlefield-6-season-2-delayed-until-february-but-more-content-for-season-1-and-events-are-on-the-way"">Read more</a></p>",2026-01-21T00:55:41.705733
Multiple PlayStation Plus Extra and Premium titles for January have leaked,"<img src=""https://assetsio.gnwcdn.com/Like-a-Dragon-Infinite-Wealth-screenshot-with-a-PS-Plus-logo-in-the-lower-right-corner.jpg?width=690&quality=85&format=jpg&auto=webp"" /> <p>It looks like those on PlayStation Plus' Extra and Premium tiers can expect more blockbuster games to join the service next week.</p> <p><a href=""https://www.eurogamer.net/multiple-playstation-plus-extra-and-premium-titles-for-january-have-leaked"">Read more</a></p>",2026-01-21T00:55:41.705733
"Deadpool is joining Marvel Rivals later this week, and he can pretty much do anything he wants","<img src=""https://assetsio.gnwcdn.com/Deadpool_Wade_Marvel-Rivals.jpg?width=690&quality=85&format=jpg&auto=webp"" /> <p><a href=""https://www.eurogamer.net/arc-raiders-has-now-sold-more-than-12-million-copies-so-youre-all-getting-a-golden-pickaxe-as-a-reward"">Arc Raiders</a> and <a href=""https://www.eurogamer.net/games/battlefield-2025"">Battlefield 6</a> might be the online shooters of the moment, but that doesn't mean other recent hits like <a href=""https://www.eurogamer.net/games/marvel-rivals"">Marvel Rivals</a> have gone under. In fact, NetEase's take on the property remains a strong alternative to <a href=""https://www.eurogamer.net/games/overwatch-2"">Overwatch 2</a> which has received tonnes of love since its late 2024 debut. Now, Deadpool is almost here, and his gameplay trailer packs a punch.</p> <p><a href=""https://www.eurogamer.net/deadpool-is-joining-marvel-rivals-later-this-week-and-he-can-pretty-much-do-anything-he-wants"">Read more</a></p>",2026-01-21T00:55:41.705733
My anticlimactic return to Animal Crossing: New Horizons four years after I last logged in,"<img src=""https://assetsio.gnwcdn.com/animal-crossing-new-horizons-4.jpeg?width=690&quality=85&format=jpg&auto=webp"" /> <p>Somewhere in my head, I was expecting the worst. I've been playing Animal Crossing long enough across its various iterations to remember a time when villagers would wish violent ill on your existence if you displeased them enough, and when abandoning your town for just a few days would cause a weed outbreak serious enough to make a gardener sob. So part of me was anticipating chaos and disaster - rampant foliage, rioting villagers, blazing buildings, a wild-eyed Isabelle perched on a pile of furry corpses - when I logged back into New Horizons for the first time in four years this week. And as I fired up my old save and prepared to return to Honaloha, I was braced.</p> <p><a href=""https://www.eurogamer.net/my-anticlimactic-return-to-animal-crossing-new-horizons-four-years-after-i-last-logged-in"">Read more</a></p>",2026-01-21T00:55:41.705733
"EA gets ""more **** than they deserve"", says Split Fiction director Josef Fares","<img src=""https://assetsio.gnwcdn.com/Image-of-Josef-Fares-who-is-wearing-a-dark-top-and-using-headphones.jpg?width=690&quality=85&format=jpg&auto=webp"" /> <p>Hazelight's outspoken studio founder Josef Fares believes EA has been painted to be the villain much more than other companies, stating: ""There's not a publisher in the world that hasn't fucked up now and then.""</p> <p><a href=""https://www.eurogamer.net/ea-gets-more-than-they-deserve-says-split-fiction-director-josef-fares"">Read more</a></p>",2026-01-21T00:55:41.705733
There's a Styx: Blades of Greed demo available to try now,"<img src=""https://assetsio.gnwcdn.com/Screenshot-from-Styx-Blades-of-Greed-showing-a-goblin-holding-a-dagger-leaping-onto-the-back-of-an-ogre.jpg?width=690&quality=85&format=jpg&auto=webp"" /> <p>Styx: Blades of Greed is probably one of my most anticipated games this year, so I am pleased to let you know that there is now a demo available to try out.</p> <p><a href=""https://www.eurogamer.net/theres-a-styx-blades-of-greed-demo-available-to-try-now"">Read more</a></p>",2026-01-21T00:55:41.705733
Code Vein 2 is a blood-curdling Souls-like that's looking like a 2026 sleeper hit,"<img src=""https://assetsio.gnwcdn.com/CV2_k5HtLn5.jpg?width=690&quality=85&format=jpg&auto=webp"" /> <p>Would you believe me if I told you Code Vein 2 is one of the most enjoyable Souls-like games I've played in years? That it not only improves upon systems and quirks present in the original game, but also offers something truly fresh in a genre packed with fierce competition? It's all true! After playing Bandai Namco's upcoming sequel for a few hours I can confidently say it's a bloody good time, and with enough depth that even the most hardened action game fans can sink their teeth into.</p> <p><a href=""https://www.eurogamer.net/code-vein-2-preview"">Read more</a></p>",2026-01-21T00:55:41.705733
"Sonic Racing: CrossWorlds is finally getting a physical Switch 2 release, and it's not a game-key card","<img src=""https://assetsio.gnwcdn.com/Sonic-Racing_-CrossWorlds---The-Animation-1-5-screenshot-(1).png?width=690&quality=85&format=jpg&auto=webp"" /> <p><a href=""https://www.eurogamer.net/sonic-racing-crossworlds-review"">Sonic Racing: CrossWorlds</a> didn't cause a commotion when it launched last year, but it quietly became a compelling alternative to <a href=""https://www.eurogamer.net/mario-kart-world-review"">Mario Kart World</a>'s offerings, which many felt were on the simpler (albeit extremely polished) side. Now, a little over a month since the native <a href=""https://www.eurogamer.net/platforms/switch-2"">Nintendo Switch 2</a> version arrived digitally, we've got confirmation the physical release is coming in March.</p> <p><a href=""https://www.eurogamer.net/sonic-racing-crossworlds-is-finally-getting-a-physical-switch-2-release-and-its-not-a-game-key-card"">Read more</a></p>",2026-01-21T00:55:41.705733
"Could Anthem live on? Tech allowing us to host our own servers existed, former executive producer says - it would just need to be ""salvaged and recovered""","<img src=""https://assetsio.gnwcdn.com/anthem-local-servers.jpg?width=690&quality=85&format=jpg&auto=webp"" /> <p><a href=""https://www.eurogamer.net/anthem-was-abandoned-in-death-as-in-life-its-a-game-ea-and-bioware-would-rather-forget"">BioWare's multiplayer shooter Anthem was terminated this week</a> because EA no longer wanted to maintain servers for people to play the game on, and without them, no one can play the game. But the former executive producer of Anthem has revealed that BioWare had technology working, close to the game's release, that would enable us to host our own servers to play the game on.</p> <p><a href=""https://www.eurogamer.net/anthem-local-servers-existed-at-bioware"">Read more</a></p>",2026-01-21T00:55:41.705733
Story-driven strategy game Star Trek: Voyager - Across the Unknown beams down Switch 2 version and release date,"<img src=""https://assetsio.gnwcdn.com/Star-Trek-Voyager-Across.png?width=690&quality=85&format=jpg&auto=webp"" /> <p>Before 2026 heats up, we've got several small and mid-sized game releases coming our way fast, but unexpected arrivals like <a href=""https://www.ign.com/games/star-trek-voyager-across-the-unknown"">Star Trek: Voyager - Across the Unknown</a> could be making the coming weeks busier than initially anticipated.</p> <p><a href=""https://www.eurogamer.net/story-driven-strategy-game-star-trek-voyager-across-the-unknown-beams-down-switch-2-version-and-release-date"">Read more</a></p>",2026-01-21T00:55:41.705733
Oops! Funko Pop might have just spoiled a Fallout Season 2 plot point,"<img src=""https://assetsio.gnwcdn.com/fs2-funko.jpg?width=690&quality=85&format=jpg&auto=webp"" /> <p>Oh, Funko Pop. What have you done? Well, unless my eyes are deceiving me, I think you may have let slip a yet-to-be-aired and potentially pivotal plot point for the second season of Amazon's Fallout adaptation.</p> <p><a href=""https://www.eurogamer.net/oops-funko-pop-might-have-just-spoiled-a-fallout-season-2-plot-point"">Read more</a></p>",2026-01-21T00:55:41.705733
Anthem was abandoned in death as in life: it's a game EA and BioWare would rather forget,"<img src=""https://assetsio.gnwcdn.com/anthem-2_CRD2t0a.jpg?width=690&quality=85&format=jpg&auto=webp"" /> <p>It's gone. In case you didn't know, the <a href=""https://www.eurogamer.net/fond-anthem-farewells-begin-as-biowares-destiny-like-game-reaches-last-day-of-operation"">servers for BioWare's multiplayer game Anthem have been switched off</a>, rendering this online game no longer playable. For all intents and purposes, Anthem no longer exists.</p> <p><a href=""https://www.eurogamer.net/anthem-was-abandoned-in-death-as-in-life-its-a-game-ea-and-bioware-would-rather-forget"">Read more</a></p>",2026-01-21T00:55:41.705733
New documents and videos give us another alleged look at Monolith Productions’ cancelled 2010 Batman game,"<img src=""https://assetsio.gnwcdn.com/batman-begins_shUnLpR.jpg?width=690&quality=85&format=jpg&auto=webp"" /> <p><a href=""https://www.eurogamer.net/warner-bros-reportedly-cancels-wonder-woman-closes-monolith-and-other-studios"">Monolith Productions' closure last year</a> remains one of the hardest gut punches the Western games industry has seen recently. From iconic shooters like <a href=""https://www.eurogamer.net/r-fear-pc"">FEAR</a> to the inventive <a href=""https://www.eurogamer.net/middle-earth-shadow-of-mordor-review"">Shadow of Mordor</a> & Shadow of War, the studio always excelled, no matter the genre. Now, unearthed materials allegedly recovered from a discarded HDD used at the studio have revealed work done on a non-Arkham Batman game for Warner Bros.</p> <p><a href=""https://www.eurogamer.net/monolith-productions-cancelled-2010-batman-game-new"">Read more</a></p>",2026-01-21T00:55:41.705733
Ubisoft continues new wave of layoffs as 55 jobs are expected to be cut at Massive and Stockholm offices,"<img src=""https://assetsio.gnwcdn.com/ubisoft_twGFEoN.jpg?width=690&quality=85&format=jpg&auto=webp"" /> <p>French publisher Ubisoft is promising a nostalgic 2026, with remakes of <a href=""https://www.eurogamer.net/raid-shadow-legends-collaboration-assassins-creed-black-flag-remake"">Assassin&rsquo;s Creed 4: Black Flag</a> and <a href=""https://www.eurogamer.net/games/prince-of-persia-the-sands-of-time"">Prince of Persia: The Sands of Time</a> nearing completion, and <a href=""https://www.eurogamer.net/the-division-definitive-edition"">the first Division game also getting a re-release</a> of sorts. For many of the developers at key studios, however, the year is off to an awful start.</p> <p><a href=""https://www.eurogamer.net/ubisoft-continues-new-wave-of-layoffs-as-55-jobs-are-expected-to-be-cut-at-massive-and-stockholm-offices"">Read more</a></p>",2026-01-21T00:55:41.705733
"If you really want those Pokémon Lego Kanto region badges, you can expect to pay over £100 on eBay thanks to scalpers","<img src=""https://assetsio.gnwcdn.com/Lego-Kanto-Region-Badges-Collection-on-a-desk.jpg?width=690&quality=85&format=jpg&auto=webp"" /> <p>Yesterday, Lego fully unveiled its official Pok&eacute;mon sets, which include the rather chonky Venusaur, Charizard and Blastoise model. This chap was notable not only for its size and price tag (it is retailing for &pound;579.99), but the fact that if you pre-ordered it, you would also get your hands on the Lego Pok&eacute;mon Kanto Region Badge Collection as a gift with purchase while stocks lasted.</p> <p><a href=""https://www.eurogamer.net/if-you-really-want-those-pokemon-lego-kanto-region-badges-you-can-expect-to-pay-over-100-on-ebay-thanks-to-scalpers"">Read more</a></p>",2026-01-21T00:55:41.705733
The 94 most exciting games of 2026,"<img src=""https://assetsio.gnwcdn.com/2026-best.jpg?width=690&quality=85&format=jpg&auto=webp"" /> <p>The new year is upon us! Actually it's been upon us for a couple weeks now, but listen: this is a very long list, so you'll understand if it took us a little while to pull together.</p> <p><a href=""https://www.eurogamer.net/the-93-most-exciting-games-of-2026"">Read more</a></p>",2026-01-21T00:55:41.705733
"Arc Raiders has now sold more than 12m copies, so you're all getting a golden pickaxe as a reward","<img src=""https://assetsio.gnwcdn.com/Arc-Raiders-pickaxe.jpg?width=690&quality=85&format=jpg&auto=webp"" /> <p>No matter how you feel about <a href=""https://www.eurogamer.net/arc-raiders-review"">Arc Raiders</a>' use of AI for NPC voices, it's hard to deny the game has been a massive success that's ""cracked open"" the extraction shooter subgenre for casual players and <a href=""https://www.eurogamer.net/new-games-performed-really-well-on-steam-last-year-shaking-the-dominance-of-the-same-old-live-service-games"">even harpooned some older live service whales</a>. Now, it's hit a new milestone which positions it as one of the new online shooters to watch out for.</p> <p><a href=""https://www.eurogamer.net/arc-raiders-has-now-sold-more-than-12-million-copies-so-youre-all-getting-a-golden-pickaxe-as-a-reward"">Read more</a></p>",2026-01-21T00:55:41.705733
"Fired employees at GTA 6 studio Rockstar denied interim pay by UK tribunal - union highlights firm's ""flimsy grounds for defence""","<img src=""https://assetsio.gnwcdn.com/Raul-Bautista-in-GTA-6.jpg?width=690&quality=85&format=jpg&auto=webp"" /> <p>The dispute between <a href=""https://www.eurogamer.net/gta-6-everything-we-know-so-far-9357"">Grand Theft Auto 6</a> studio Rockstar and over 30 of its former developers rages on, with those affected denied interim pay by a UK tribunal.</p> <p><a href=""https://www.eurogamer.net/fired-employees-at-gta-6-studio-rockstar-denied-interim-pay-by-uk-tribunal-union-highlights-firms-flimsy-grounds-for-defence"">Read more</a></p>",2026-01-21T00:55:41.705733
Stellar Blade director goes all-in on AI as South Korea's games industry looks to compete on the global stage,"<img src=""https://assetsio.gnwcdn.com/stellar-blade-2_ePmcRqr.jpg?width=690&quality=85&format=jpg&auto=webp"" /> <p>Much has been written about <a href=""https://www.eurogamer.net/stellar-blade-review"">Stellar Blade</a>'s handling of its lead female character, the culture war surrounding it, and <a href=""https://www.nme.com/news/gaming-news/stellar-blade-cuts-unintentional-reference-to-racial-slur-3750534"">developer Shift Up's several eyebrow-raising missteps</a> as the game broke through into mainstream consciousness. Regardless, the PS5 title was a big success and <a href=""https://www.ign.com/articles/stellar-blade-developer-confirms-sequel-plans"">a sequel is now in development</a>. Before we even get a first look at it, however, a new storm appears to be brewing.</p> <p><a href=""https://www.eurogamer.net/stellar-blade-director-goes-all-in-on-ai-as-south-koreas-games-industry-looks-to-compete-on-the-global-stage"">Read more</a></p>",2026-01-21T00:55:41.705733
"Resident Evil Requiem showcase coming this week, here's when to watch","<img src=""https://assetsio.gnwcdn.com/Leon-in-Resident-Evil-Requiem.jpg?width=690&quality=85&format=jpg&auto=webp"" /> <p>Capcom has announced a Resident Evil showcase, which will give us all a closer look at what the team has in store for its upcoming release, Requiem.</p> <p><a href=""https://www.eurogamer.net/resident-evil-requiem-showcase-coming-this-week-heres-when-to-watch"">Read more</a></p>",2026-01-21T00:55:41.705733
"Minecraft-like Hytale has already sold enough to fund the next two years of development, and it's not even out yet","<img src=""https://assetsio.gnwcdn.com/hytale-layered-2.jpg?width=690&quality=85&format=jpg&auto=webp"" /> <p>
We already knew Hytale was likely to have a major early access release this week, but developer Hypixel Studios has now revealed the long-awaited Minecraft-a-like has sold so many copies ahead of its launch that it's made enough money to fund the next two years of development.
</p> <p><a href=""https://www.eurogamer.net/long-awaited-minecraft-a-like-hytale-has-already-sold-enough-to-fund-the-next-two-years-of-development-and-its-not-even-out-yet"">Read more</a></p>",2026-01-21T00:55:41.705733
"Masters of Albion is a ""culmination"" of Peter Molyneux's life's work, and it's coming to PC this April","<img src=""https://assetsio.gnwcdn.com/a-hand-with-flames-coming-from-it-in-Masters-of-Albion.jpg?width=690&quality=85&format=jpg&auto=webp"" /> <p>Peter Molyneux's Masters of Albion - which the game creator has said is the ""culmination"" of his life's work - has landed itself a release date.</p> <p><a href=""https://www.eurogamer.net/masters-of-albion-is-a-culmination-of-peter-molyneuxs-lifes-work-and-its-coming-to-pc-this-april"">Read more</a></p>",2026-01-21T00:55:41.705733
"Is the Switch 2 getting more expensive soon? Nintendo says there’s no ""immediate impact"", but will keep an eye on volatile memory market","<img src=""https://assetsio.gnwcdn.com/switch-2-stock-eurogamer.png?width=690&quality=85&format=jpg&auto=webp"" /> <p>Gaming can't escape the shadow of global economic uncertainty, and things are going to get worse following <a href=""https://www.cnbc.com/2025/09/19/microsoft-xbox-prices-tariffs-macroeconomic-conditions.html"">2025's price hikes</a> due to the memory shortages caused by the AI and data centre gold rush (which doesn't seem to be producing much gold just yet). What about <a href=""https://www.eurogamer.net/platforms/switch-2"">Nintendo Switch 2</a> following a strong summer launch <a href=""https://www.ign.com/articles/nintendo-source-blames-switch-2-holiday-sales-slowdown-on-the-economic-landscape-and-the-absence-of-a-major-western-game-despite-the-release-of-metroid-prime-4-beyond"">but slow Christmas</a>? Will it be safe from the price hikes?</p> <p><a href=""https://www.eurogamer.net/is-the-switch-2-getting-more-expensive-soon-nintendo-says-theres-no-immediate-impact-but-will-keep-an-eye-on-volatile-memory-market"">Read more</a></p>",2026-01-21T00:55:41.705733
Steam blasts past 42 million concurrent users as its sustained growth continues,"<img src=""https://assetsio.gnwcdn.com/steam-games.jpg?width=690&quality=85&format=jpg&auto=webp"" /> <p>A lot of you are gaming hard, it seems. <a href=""https://store.steampowered.com/"">Steam</a> has been on a steady growth trajectory for years now, with the Covid pandemic alone adding five million unique users only in 2020. On 1th January, Valve's platform crossed the 42 million barrier, setting a new record.</p> <p><a href=""https://www.eurogamer.net/steam-blasts-past-42-million-concurrent-users-as-its-sustained-growth-continues"">Read more</a></p>",2026-01-21T00:55:41.705733
Team Fortress 2 Update Released,,2026-01-21T00:55:41.705733
